{
  "model_id": "mdl_20260522_052001_a2_s42_w3_e50_78ac7c7f",
  "epoch": 4,
  "latest": {
    "epoch": 4,
    "train": {
      "loss": 0.6839375050845322,
      "loss_bce": 0.03897001033887189,
      "loss_jaccard": 0.9603521579484318,
      "pred_pos_frac": 0.0007699901888057411,
      "tp": 4156784.0,
      "fp": 13306337.0,
      "tn": 22651399854.0,
      "fn": 825857.0,
      "dice": 0.3925068081336989,
      "iou": 0.24879474549534378,
      "sensitivity": 0.838159691427607,
      "specificity": 0.9994129485118654,
      "precision": 0.2606533417355653,
      "npv": 0.999963537084497,
      "fpr": 0.0005870514881353876,
      "fnr": 0.16184030857633097,
      "accuracy": 0.9993766856848081,
      "balanced_accuracy": 0.9187863199697364,
      "f1": 0.39250737793042256,
      "slice_macro": {
        "tp": 259799.0,
        "fp": 831646.0625,
        "tn": 1415712490.875,
        "fn": 51616.0625,
        "dice": 0.28021415993056836,
        "iou": 0.18813006073303976,
        "sensitivity": 0.7926916225133439,
        "specificity": 0.9994130998465773,
        "precision": 0.19939897066205495,
        "npv": 0.9999635373777297,
        "fpr": 0.0005869001534441092,
        "fnr": 0.20730837854697665,
        "accuracy": 0.999377348219312,
        "balanced_accuracy": 0.8960523611799606,
        "f1": 0.3020095412975134
      },
      "series_macro": {
        "tp": 259799.0,
        "fp": 831646.0625,
        "tn": 1415712490.875,
        "fn": 51616.0625,
        "dice": 0.27815106582876886,
        "iou": 0.18661449393002838,
        "sensitivity": 0.7899645255402495,
        "specificity": 0.9993915193854002,
        "precision": 0.19822951118915494,
        "npv": 0.9999609087818926,
        "fpr": 0.0006084806146232446,
        "fnr": 0.21003547555825014,
        "accuracy": 0.9993531984475459,
        "balanced_accuracy": 0.8946780224628248,
        "f1": 0.3007562829931087
      },
      "global": {
        "tp": 4156784.0,
        "fp": 13306337.0,
        "tn": 22651399854.0,
        "fn": 825857.0,
        "dice": 0.37038475236441654,
        "iou": 0.22728355843616702,
        "sensitivity": 0.8342531601213423,
        "specificity": 0.9994129049418129,
        "precision": 0.2380321364091082,
        "npv": 0.9999635419048646,
        "fpr": 0.0005870950581872028,
        "fnr": 0.16574683987885827,
        "accuracy": 0.9993766039708472,
        "balanced_accuracy": 0.9168330325315777,
        "f1": 0.3703853395352865
      },
      "hd95": {
        "slice_2d_macro": 0.0,
        "series_2d_macro": 0.0,
        "series_3d_macro": 0.0
      },
      "froc": {
        "series_macro": {
          "average_precision": 0.0
        },
        "global": {
          "average_precision": 0.0
        }
      },
      "nan_batches": 4
    },
    "val": {
      "loss": NaN,
      "loss_bce": NaN,
      "loss_jaccard": NaN,
      "pred_pos_frac": 0.0,
      "tp": 0.0,
      "fp": 0.0,
      "tn": 2784581399.0,
      "fn": 1222889.0,
      "dice": 8.177357061836211e-13,
      "iou": 8.177357061836211e-13,
      "sensitivity": 8.177357061836211e-13,
      "specificity": 1.0,
      "precision": 1.0,
      "npv": 0.9995610283876482,
      "fpr": 3.591204050846278e-16,
      "fnr": 1.0,
      "accuracy": 0.9995610283876482,
      "balanced_accuracy": 0.5000000000004089,
      "f1": 1.0000006354699591e-06,
      "steps": 818,
      "slice_macro": {
        "tp": 0.0,
        "fp": 0.0,
        "tn": 2784581399.0,
        "fn": 1222889.0,
        "dice": 8.856914294816657e-10,
        "iou": 8.856914294816657e-10,
        "sensitivity": 8.856914294816657e-10,
        "specificity": 1.0,
        "precision": 1.0,
        "npv": 0.9995610283876482,
        "fpr": 2.154555890067079e-14,
        "fnr": 1.0,
        "accuracy": 0.9995610283876482,
        "balanced_accuracy": 0.5000000004428456,
        "f1": 1.0017703801964257e-06
      },
      "series_macro": {
        "tp": 0.0,
        "fp": 0.0,
        "tn": 2784581399.0,
        "fn": 1222889.0,
        "dice": 9.115794277368632e-10,
        "iou": 9.115794277368632e-10,
        "sensitivity": 9.115794277368632e-10,
        "specificity": 1.0,
        "precision": 1.0,
        "npv": 0.999639539061085,
        "fpr": 2.3394235161833726e-14,
        "fnr": 1.0,
        "accuracy": 0.999639539061085,
        "balanced_accuracy": 0.5000000004557899,
        "f1": 1.0018221561151817e-06
      },
      "global": {
        "tp": 0.0,
        "fp": 0.0,
        "tn": 2784581399.0,
        "fn": 1222889.0,
        "dice": 8.177357061836211e-13,
        "iou": 8.177357061836211e-13,
        "sensitivity": 8.177357061836211e-13,
        "specificity": 1.0,
        "precision": 1.0,
        "npv": 0.9995610283876482,
        "fpr": 3.591204050846278e-16,
        "fnr": 1.0,
        "accuracy": 0.9995610283876482,
        "balanced_accuracy": 0.5000000000004089,
        "f1": 1.0000006354699591e-06
      },
      "hd95": {
        "slice_2d_macro": 0.0,
        "series_3d_macro": 0.0,
        "series_2d_macro": 735.5710261027018
      },
      "froc": {
        "series_macro": {
          "average_precision": 0.0
        },
        "global": {
          "average_precision": 0.0
        }
      },
      "nan_batches": 818
    },
    "lr": 9.920292628279099e-05
  }
}