{
  "model_id": "mdl_20260609_151731_a3_s42_w3_e50_3fa0288e",
  "epoch": 50,
  "latest": {
    "epoch": 50,
    "train": {
      "loss": 0.6611817907463652,
      "loss_bce": 0.0066859903234410675,
      "loss_jaccard": 0.9416800038024316,
      "pred_pos_frac": 0.0003478722739389864,
      "tp": 4818717.0,
      "fp": 3073560.0,
      "tn": 22675261399.0,
      "fn": 166644.0,
      "dice": 0.7467346226916282,
      "iou": 0.5971662097674891,
      "sensitivity": 0.9657832495166525,
      "specificity": 0.9998644691087144,
      "precision": 0.6099409885583119,
      "npv": 0.9999926507232637,
      "fpr": 0.00013553089128583883,
      "fnr": 0.034216750485162796,
      "accuracy": 0.9998571555303197,
      "balanced_accuracy": 0.9828238593126835,
      "f1": 0.7467346226916282,
      "slice_macro": {
        "tp": 602339.625,
        "fp": 384195.0,
        "tn": 2834407674.875,
        "fn": 20830.5,
        "dice": 0.5169454165182763,
        "iou": 0.38932405921919555,
        "sensitivity": 0.9287199620372575,
        "specificity": 0.9998637425149164,
        "precision": 0.4002129289257261,
        "npv": 0.9999926188505129,
        "fpr": 0.00013625748510521076,
        "fnr": 0.07128003902053694,
        "accuracy": 0.9998565331285028,
        "balanced_accuracy": 0.964291852276087,
        "f1": 0.5169454165182763
      },
      "series_macro": {
        "tp": 602339.625,
        "fp": 384195.0,
        "tn": 2834407674.875,
        "fn": 20830.5,
        "dice": 0.5176814385508789,
        "iou": 0.388301595221789,
        "sensitivity": 0.9279413806166925,
        "specificity": 0.9998589212446028,
        "precision": 0.3993606857179002,
        "npv": 0.9999923683590253,
        "fpr": 0.00014107875542028936,
        "fnr": 0.07205862047944156,
        "accuracy": 0.999851477155566,
        "balanced_accuracy": 0.9639001509306476,
        "f1": 0.5176814385508789
      },
      "global": {
        "tp": 4818717.0,
        "fp": 3073560.0,
        "tn": 22675261399.0,
        "fn": 166644.0,
        "dice": 0.7483852240605189,
        "iou": 0.5979357534340394,
        "sensitivity": 0.9665733334055515,
        "specificity": 0.9998644715317259,
        "precision": 0.6105610586146925,
        "npv": 0.999992650899481,
        "fpr": 0.0001355284682741333,
        "fnr": 0.03342666659464913,
        "accuracy": 0.9998571547747733,
        "balanced_accuracy": 0.9832189024686386,
        "f1": 0.7483852240605189
      },
      "hd95": {
        "slice_2d_macro": 0.0,
        "series_2d_macro": 0.0,
        "series_3d_macro": 0.0
      },
      "froc": {
        "series_macro": {
          "average_precision": 0.0
        },
        "global": {
          "average_precision": 0.0
        }
      },
      "nan_batches": 0
    },
    "val": {
      "loss": 1.4535746729201278,
      "loss_bce": 2.6512945022459578,
      "loss_jaccard": 0.940266144754386,
      "pred_pos_frac": 0.00012976464833467223,
      "tp": 310465.0,
      "fp": 51238.0,
      "tn": 2784530161.0,
      "fn": 912424.0,
      "dice": 0.3918548118383837,
      "iou": 0.24366880224715146,
      "sensitivity": 0.25387831602111566,
      "specificity": 0.9999815993886843,
      "precision": 0.8583423416453324,
      "npv": 0.9996724312305292,
      "fpr": 1.840061131608528e-05,
      "fnr": 0.746121683979702,
      "accuracy": 0.9996540812274032,
      "balanced_accuracy": 0.6269299577048999,
      "f1": 0.3918548118383837,
      "steps": 1519,
      "slice_macro": {
        "tp": 310465.0,
        "fp": 51238.0,
        "tn": 2784530161.0,
        "fn": 912424.0,
        "dice": 0.42277494779345165,
        "iou": 0.3253526022459065,
        "sensitivity": 0.3665743102786717,
        "specificity": 0.9999815925542042,
        "precision": 0.7277309829548033,
        "npv": 0.9996722361378635,
        "fpr": 1.8407445817348724e-05,
        "fnr": 0.6334256906070198,
        "accuracy": 0.9996540812274032,
        "balanced_accuracy": 0.6832779514164378,
        "f1": 0.42277494779345165
      },
      "series_macro": {
        "tp": 310465.0,
        "fp": 51238.0,
        "tn": 2784530161.0,
        "fn": 912424.0,
        "dice": 0.4226114027899999,
        "iou": 0.32248685298101826,
        "sensitivity": 0.36355244064977627,
        "specificity": 0.9999791448191807,
        "precision": 0.7235854617279502,
        "npv": 0.9997404692556184,
        "fpr": 2.0855180842698834e-05,
        "fnr": 0.6364475602618029,
        "accuracy": 0.9997198029422333,
        "balanced_accuracy": 0.6817657927344782,
        "f1": 0.4226114027899999
      },
      "global": {
        "tp": 310465.0,
        "fp": 51238.0,
        "tn": 2784530161.0,
        "fn": 912424.0,
        "dice": 0.3918548118383837,
        "iou": 0.24366880224715146,
        "sensitivity": 0.25387831602111566,
        "specificity": 0.9999815993886843,
        "precision": 0.8583423416453324,
        "npv": 0.9996724312305292,
        "fpr": 1.840061131608528e-05,
        "fnr": 0.746121683979702,
        "accuracy": 0.9996540812274032,
        "balanced_accuracy": 0.6269299577048999,
        "f1": 0.3918548118383837
      },
      "hd95": {
        "slice_2d_macro": 0.0,
        "series_3d_macro": 0.0,
        "series_2d_macro": 237.07916257048947
      },
      "froc": {
        "series_macro": {
          "average_precision": 0.0
        },
        "global": {
          "average_precision": 0.0
        }
      },
      "nan_batches": 0
    },
    "lr": 1.0088797220727781e-05
  }
}