{
  "model_id": "mdl_20260622_070957_a4_s123_w3_e50_414bb80d",
  "epoch": 50,
  "latest": {
    "epoch": 50,
    "train": {
      "loss": 0.6738523979140215,
      "loss_bce": 0.036409681928289465,
      "loss_jaccard": 0.9470421466206717,
      "pred_pos_frac": 0.0002614811432263083,
      "tp": 167071.0,
      "fp": 98338.0,
      "tn": 1014731365.0,
      "fn": 24794.0,
      "dice": 0.726556075203109,
      "iou": 0.5769505517825161,
      "sensitivity": 0.9172623183455416,
      "specificity": 0.9999030986054915,
      "precision": 0.61846547778727,
      "npv": 0.9999755645534768,
      "fpr": 9.690139451643279e-05,
      "fnr": 0.08273768170574874,
      "accuracy": 0.9998786902624713,
      "balanced_accuracy": 0.9585827084755165,
      "f1": 0.726556075203109,
      "slice_macro": {
        "tp": 20883.875,
        "fp": 12292.25,
        "tn": 126841420.625,
        "fn": 3099.25,
        "dice": 0.39769681299610343,
        "iou": 0.36107607800953634,
        "sensitivity": 0.9819258950628301,
        "specificity": 0.9999031357081112,
        "precision": 0.37176573630615684,
        "npv": 0.999975591591547,
        "fpr": 9.686429236574725e-05,
        "fnr": 0.6235385879918146,
        "accuracy": 0.9998789035883108,
        "balanced_accuracy": 0.9909145153854708,
        "f1": 0.39769681299610343
      },
      "series_macro": {
        "tp": 20883.875,
        "fp": 12292.25,
        "tn": 126841420.625,
        "fn": 3099.25,
        "dice": 0.39769681299610343,
        "iou": 0.36107607800953634,
        "sensitivity": 0.9819258950628301,
        "specificity": 0.9999031357081112,
        "precision": 0.37176573630615684,
        "npv": 0.999975591591547,
        "fpr": 9.686429236574725e-05,
        "fnr": 0.6235385879918146,
        "accuracy": 0.9998789035883108,
        "balanced_accuracy": 0.9909145153854708,
        "f1": 0.39769681299610343
      },
      "global": {
        "tp": 167071.0,
        "fp": 98338.0,
        "tn": 1014731365.0,
        "fn": 24794.0,
        "dice": 0.7307259979799186,
        "iou": 0.5757039038205128,
        "sensitivity": 0.8707737211066595,
        "specificity": 0.9999030990128597,
        "precision": 0.629485058910476,
        "npv": 0.9999755665439622,
        "fpr": 9.690098714128779e-05,
        "fnr": 0.12922627889855248,
        "accuracy": 0.9998786902624713,
        "balanced_accuracy": 0.9353384100597596,
        "f1": 0.7307259979799186
      },
      "hd95": {
        "slice_2d_macro": 0.0,
        "series_2d_macro": 0.0,
        "series_3d_macro": 0.0
      },
      "froc": {
        "series_macro": {
          "average_precision": 0.0
        },
        "global": {
          "average_precision": 0.0
        }
      },
      "nan_batches": 0
    },
    "val": {
      "loss": 1.0961023062467574,
      "loss_bce": 1.358009387788536,
      "loss_jaccard": 0.9838564018408458,
      "pred_pos_frac": 0.00013422171274820964,
      "tp": 6056.0,
      "fp": 10833.0,
      "tn": 125773813.0,
      "fn": 38418.0,
      "dice": 0.19738278768643347,
      "iou": 0.10949789359195947,
      "sensitivity": 0.13616944733695713,
      "specificity": 0.9999138766109816,
      "precision": 0.3585765883498978,
      "npv": 0.9996946401816847,
      "fpr": 8.612338902635155e-05,
      "fnr": 0.8638305526855279,
      "accuracy": 0.9996085882186889,
      "balanced_accuracy": 0.5680416619739694,
      "f1": 0.19738278768643347,
      "steps": 60,
      "slice_macro": {
        "tp": 6056.0,
        "fp": 10833.0,
        "tn": 125773813.0,
        "fn": 38418.0,
        "dice": 0.4058664786133138,
        "iou": 0.3736510001569923,
        "sensitivity": 0.6470280304033754,
        "specificity": 0.9999138827987254,
        "precision": 0.5481772022309885,
        "npv": 0.999694628463261,
        "fpr": 8.611720175153143e-05,
        "fnr": 0.8363053046186322,
        "accuracy": 0.999608588218689,
        "balanced_accuracy": 0.8234709566010504,
        "f1": 0.4058664786133138
      },
      "series_macro": {
        "tp": 6056.0,
        "fp": 10833.0,
        "tn": 125773813.0,
        "fn": 38418.0,
        "dice": 0.4058664786133138,
        "iou": 0.3736510001569923,
        "sensitivity": 0.6470280304033754,
        "specificity": 0.9999138827987254,
        "precision": 0.5481772022309885,
        "npv": 0.999694628463261,
        "fpr": 8.611720175153143e-05,
        "fnr": 0.8363053046186322,
        "accuracy": 0.999608588218689,
        "balanced_accuracy": 0.8234709566010504,
        "f1": 0.4058664786133138
      },
      "global": {
        "tp": 6056.0,
        "fp": 10833.0,
        "tn": 125773813.0,
        "fn": 38418.0,
        "dice": 0.19738278768643347,
        "iou": 0.10949789359195947,
        "sensitivity": 0.13616944733695713,
        "specificity": 0.9999138766109816,
        "precision": 0.3585765883498978,
        "npv": 0.9996946401816847,
        "fpr": 8.612338902635155e-05,
        "fnr": 0.8638305526855279,
        "accuracy": 0.9996085882186889,
        "balanced_accuracy": 0.5680416619739694,
        "f1": 0.19738278768643347
      },
      "hd95": {
        "slice_2d_macro": 0.0,
        "series_3d_macro": 0.0,
        "series_2d_macro": 410.37440039533556
      },
      "froc": {
        "series_macro": {
          "average_precision": 0.0
        },
        "global": {
          "average_precision": 0.0
        }
      },
      "nan_batches": 0
    },
    "lr": 1.0088797220727781e-05
  }
}