{
  "model_id": "mdl_20260508_162530_a1_s123_w3_e50_db9e3e9e",
  "epoch": 50,
  "latest": {
    "epoch": 50,
    "train": {
      "loss": 0.04494985828730591,
      "loss_bce": 0.05372371419400831,
      "loss_jaccard": 0.04118963411431142,
      "pred_pos_frac": 0.00029381152928402985,
      "tp": 4641075.0,
      "fp": 2025728.0,
      "tn": 22676309231.0,
      "fn": 344286.0,
      "dice": 0.7844321667254663,
      "iou": 0.6470175592257584,
      "sensitivity": 0.9294633396169008,
      "specificity": 0.9999106718541328,
      "precision": 0.6800597170564857,
      "npv": 0.9999848147373679,
      "fpr": 8.932814586751183e-05,
      "fnr": 0.07053666038503137,
      "accuracy": 0.9998955137583946,
      "balanced_accuracy": 0.9646870057355169,
      "f1": 0.784432301827804,
      "slice_macro": {
        "tp": 580134.375,
        "fp": 253216.0,
        "tn": 2834538653.875,
        "fn": 43035.75,
        "dice": 0.6602546503415979,
        "iou": 0.5427323801526897,
        "sensitivity": 0.8165407878298698,
        "specificity": 0.9999101363333307,
        "precision": 0.6261072549717335,
        "npv": 0.9999846488530485,
        "fpr": 8.986366669074352e-05,
        "fnr": 0.18345921323398173,
        "accuracy": 0.9998949405936647,
        "balanced_accuracy": 0.9082254620816003,
        "f1": 0.6864011655939297
      },
      "series_macro": {
        "tp": 580134.375,
        "fp": 253216.0,
        "tn": 2834538653.875,
        "fn": 43035.75,
        "dice": 0.6565190194922637,
        "iou": 0.5395511698917075,
        "sensitivity": 0.8154930520405076,
        "specificity": 0.9999045377787787,
        "precision": 0.6236118758461462,
        "npv": 0.9999838282538663,
        "fpr": 9.546222124453039e-05,
        "fnr": 0.18450694905395765,
        "accuracy": 0.9998885346661468,
        "balanced_accuracy": 0.9076987949096431,
        "f1": 0.6851268384279474
      },
      "global": {
        "tp": 4641075.0,
        "fp": 2025728.0,
        "tn": 22676309231.0,
        "fn": 344286.0,
        "dice": 0.7966031030802694,
        "iou": 0.6619620717980242,
        "sensitivity": 0.9309406079118582,
        "specificity": 0.9999106756292443,
        "precision": 0.6961470137936135,
        "npv": 0.999984817601074,
        "fpr": 8.932437075575871e-05,
        "fnr": 0.06905939208834244,
        "accuracy": 0.999895517324335,
        "balanced_accuracy": 0.9654256417705512,
        "f1": 0.7966032280869362
      },
      "hd95": {
        "slice_2d_macro": 0.0,
        "series_2d_macro": 0.0,
        "series_3d_macro": 0.0
      },
      "froc": {
        "series_macro": {
          "average_precision": 0.0
        },
        "global": {
          "average_precision": 0.0
        }
      }
    },
    "val": {
      "loss": 0.9751092307691276,
      "loss_bce": 3.068312608905289,
      "loss_jaccard": 0.07802201650836357,
      "pred_pos_frac": 0.0003032427353513933,
      "tp": 543130.0,
      "fp": 300575.0,
      "tn": 2784280824.0,
      "fn": 679759.0,
      "dice": 0.5256281591838912,
      "iou": 0.35650990112050135,
      "sensitivity": 0.44413679410032786,
      "specificity": 0.9998920573842417,
      "precision": 0.6437439626413928,
      "npv": 0.9997559179098802,
      "fpr": 0.00010794261575867113,
      "fnr": 0.5558632059004899,
      "accuracy": 0.9996480966002448,
      "balanced_accuracy": 0.7220144257422848,
      "f1": 0.5256285952350408,
      "steps": 818,
      "slice_macro": {
        "tp": 543130.0,
        "fp": 300575.0,
        "tn": 2784280824.0,
        "fn": 679759.0,
        "dice": 0.4947246699847013,
        "iou": 0.37807951932813577,
        "sensitivity": 0.5521495992525126,
        "specificity": 0.9998919899710532,
        "precision": 0.5953982248008629,
        "npv": 0.9997555939395897,
        "fpr": 0.0001080100289686237,
        "fnr": 0.44785040163317885,
        "accuracy": 0.9996480966002448,
        "balanced_accuracy": 0.776020794611783,
        "f1": 0.559662032040395
      },
      "series_macro": {
        "tp": 543130.0,
        "fp": 300575.0,
        "tn": 2784280824.0,
        "fn": 679759.0,
        "dice": 0.4912146772357358,
        "iou": 0.374423563072739,
        "sensitivity": 0.5543765792843826,
        "specificity": 0.9998763933465308,
        "precision": 0.5702868336819736,
        "npv": 0.9998142750127723,
        "fpr": 0.00012360665349275864,
        "fnr": 0.44562342162719687,
        "accuracy": 0.9996910546147906,
        "balanced_accuracy": 0.7771264863154566,
        "f1": 0.5574073156772259
      },
      "global": {
        "tp": 543130.0,
        "fp": 300575.0,
        "tn": 2784280824.0,
        "fn": 679759.0,
        "dice": 0.5256281591838912,
        "iou": 0.35650990112050135,
        "sensitivity": 0.44413679410032786,
        "specificity": 0.9998920573842417,
        "precision": 0.6437439626413928,
        "npv": 0.9997559179098802,
        "fpr": 0.00010794261575867113,
        "fnr": 0.5558632059004899,
        "accuracy": 0.9996480966002448,
        "balanced_accuracy": 0.7220144257422848,
        "f1": 0.5256285952350408
      },
      "hd95": {
        "slice_2d_macro": 0.0,
        "series_3d_macro": 0.0,
        "series_2d_macro": 268.4147310516786
      },
      "froc": {
        "series_macro": {
          "average_precision": 0.0
        },
        "global": {
          "average_precision": 0.0
        }
      }
    },
    "lr": 1.9856491500783562e-05
  }
}