{
  "model_id": "mdl_20260521_113818_a2_s42_w3_e50_2c84e973",
  "epoch": 16,
  "latest": {
    "epoch": 16,
    "train": {
      "loss": 0.6670149789996299,
      "loss_bce": 0.01588449900980278,
      "loss_jaccard": 0.946070912566019,
      "pred_pos_frac": 0.0004259184106118077,
      "tp": 4629159.0,
      "fp": 4960101.0,
      "tn": 22496979960.0,
      "fn": 328188.0,
      "dice": 0.6609050570342466,
      "iou": 0.501220214268279,
      "sensitivity": 0.933580515083232,
      "specificity": 0.9997795932859286,
      "precision": 0.5180194777934007,
      "npv": 0.9999854115788329,
      "fpr": 0.00022040671407207112,
      "fnr": 0.0664194849207325,
      "accuracy": 0.999765077593556,
      "balanced_accuracy": 0.9666800541845801,
      "f1": 0.6609052992875375,
      "slice_macro": {
        "tp": 289322.4375,
        "fp": 310006.3125,
        "tn": 1406061247.5,
        "fn": 20511.75,
        "dice": 0.4730999473090211,
        "iou": 0.3556522421487934,
        "sensitivity": 0.8987896023334556,
        "specificity": 0.9997786973412985,
        "precision": 0.3703787483754158,
        "npv": 0.9999854806218814,
        "fpr": 0.0002213026587230784,
        "fnr": 0.10121039874161059,
        "accuracy": 0.9997644363015485,
        "balanced_accuracy": 0.9492841498373772,
        "f1": 0.4777906778905663
      },
      "series_macro": {
        "tp": 289322.4375,
        "fp": 310006.3125,
        "tn": 1406061247.5,
        "fn": 20511.75,
        "dice": 0.4711024785672526,
        "iou": 0.3532397086269039,
        "sensitivity": 0.8971125261011917,
        "specificity": 0.9997689743030779,
        "precision": 0.3682478190245239,
        "npv": 0.9999841944565683,
        "fpr": 0.00023102569694549287,
        "fnr": 0.10288747500937027,
        "accuracy": 0.999753456918601,
        "balanced_accuracy": 0.9484407502021348,
        "f1": 0.47517881214594127
      },
      "global": {
        "tp": 4629159.0,
        "fp": 4960101.0,
        "tn": 22496979960.0,
        "fn": 328188.0,
        "dice": 0.6364589350630263,
        "iou": 0.46676917287597913,
        "sensitivity": 0.9337976542695249,
        "specificity": 0.9997795700732224,
        "precision": 0.48274413249828635,
        "npv": 0.999985412121404,
        "fpr": 0.00022042992677763672,
        "fnr": 0.06620234573067688,
        "accuracy": 0.9997650369615974,
        "balanced_accuracy": 0.9667886121713736,
        "f1": 0.6364591917027155
      },
      "hd95": {
        "slice_2d_macro": 0.0,
        "series_2d_macro": 0.0,
        "series_3d_macro": 0.0
      },
      "froc": {
        "series_macro": {
          "average_precision": 0.0
        },
        "global": {
          "average_precision": 0.0
        }
      },
      "nan_batches": 52
    },
    "val": {
      "loss": NaN,
      "loss_bce": NaN,
      "loss_jaccard": NaN,
      "pred_pos_frac": 0.0,
      "tp": 0.0,
      "fp": 0.0,
      "tn": 2784581399.0,
      "fn": 1222889.0,
      "dice": 8.177357061836211e-13,
      "iou": 8.177357061836211e-13,
      "sensitivity": 8.177357061836211e-13,
      "specificity": 1.0,
      "precision": 1.0,
      "npv": 0.9995610283876482,
      "fpr": 3.591204050846278e-16,
      "fnr": 1.0,
      "accuracy": 0.9995610283876482,
      "balanced_accuracy": 0.5000000000004089,
      "f1": 1.0000006354699591e-06,
      "steps": 818,
      "slice_macro": {
        "tp": 0.0,
        "fp": 0.0,
        "tn": 2784581399.0,
        "fn": 1222889.0,
        "dice": 8.856914294816657e-10,
        "iou": 8.856914294816657e-10,
        "sensitivity": 8.856914294816657e-10,
        "specificity": 1.0,
        "precision": 1.0,
        "npv": 0.9995610283876482,
        "fpr": 2.154555890067079e-14,
        "fnr": 1.0,
        "accuracy": 0.9995610283876482,
        "balanced_accuracy": 0.5000000004428456,
        "f1": 1.0017703801964257e-06
      },
      "series_macro": {
        "tp": 0.0,
        "fp": 0.0,
        "tn": 2784581399.0,
        "fn": 1222889.0,
        "dice": 9.115794277368632e-10,
        "iou": 9.115794277368632e-10,
        "sensitivity": 9.115794277368632e-10,
        "specificity": 1.0,
        "precision": 1.0,
        "npv": 0.999639539061085,
        "fpr": 2.3394235161833726e-14,
        "fnr": 1.0,
        "accuracy": 0.999639539061085,
        "balanced_accuracy": 0.5000000004557899,
        "f1": 1.0018221561151817e-06
      },
      "global": {
        "tp": 0.0,
        "fp": 0.0,
        "tn": 2784581399.0,
        "fn": 1222889.0,
        "dice": 8.177357061836211e-13,
        "iou": 8.177357061836211e-13,
        "sensitivity": 8.177357061836211e-13,
        "specificity": 1.0,
        "precision": 1.0,
        "npv": 0.9995610283876482,
        "fpr": 3.591204050846278e-16,
        "fnr": 1.0,
        "accuracy": 0.9995610283876482,
        "balanced_accuracy": 0.5000000000004089,
        "f1": 1.0000006354699591e-06
      },
      "hd95": {
        "slice_2d_macro": 0.0,
        "series_3d_macro": 0.0,
        "series_2d_macro": 735.5710261027018
      },
      "froc": {
        "series_macro": {
          "average_precision": 0.0
        },
        "global": {
          "average_precision": 0.0
        }
      },
      "nan_batches": 818
    },
    "lr": 8.145033635316131e-05
  }
}