{
  "model_id": "mdl_20260602_170003_a2_s123_w3_e50_52c965e2",
  "epoch": 50,
  "latest": {
    "epoch": 50,
    "train": {
      "loss": 0.6633995231616984,
      "loss_bce": 0.13211194171656046,
      "loss_jaccard": 0.8910942119591662,
      "pred_pos_frac": 0.0021278323097687034,
      "tp": 3591686.0,
      "fp": 44686111.0,
      "tn": 22633648848.0,
      "fn": 1393675.0,
      "dice": 0.25528470043511237,
      "iou": 0.1549424546711448,
      "sensitivity": 0.7337057432141175,
      "specificity": 0.9980305113073349,
      "precision": 0.1825655779804469,
      "npv": 0.9999384855824792,
      "fpr": 0.0019694886926659334,
      "fnr": 0.2662942567899418,
      "accuracy": 0.9979694374931909,
      "balanced_accuracy": 0.8658681272607259,
      "f1": 0.25528555751215926,
      "slice_macro": {
        "tp": 224480.375,
        "fp": 2792881.9375,
        "tn": 1414603053.0,
        "fn": 87104.6875,
        "dice": 0.20351831548420696,
        "iou": 0.13394129324228649,
        "sensitivity": 0.7244799036484078,
        "specificity": 0.9981241451941754,
        "precision": 0.15136917188261304,
        "npv": 0.99993756487212,
        "fpr": 0.0018758548058462091,
        "fnr": 0.2755200974187981,
        "accuracy": 0.9980624376540354,
        "balanced_accuracy": 0.8613020244212914,
        "f1": 0.24054395235241044
      },
      "series_macro": {
        "tp": 224480.375,
        "fp": 2792881.9375,
        "tn": 1414603053.0,
        "fn": 87104.6875,
        "dice": 0.1990619597633097,
        "iou": 0.1309310342411656,
        "sensitivity": 0.7201592722941262,
        "specificity": 0.9980420936854816,
        "precision": 0.14847059619246844,
        "npv": 0.9999349869409704,
        "fpr": 0.0019579063145415453,
        "fnr": 0.27984072879904476,
        "accuracy": 0.9979778151485155,
        "balanced_accuracy": 0.8591006829898039,
        "f1": 0.23804928621026114
      },
      "global": {
        "tp": 3591686.0,
        "fp": 44686111.0,
        "tn": 22633648848.0,
        "fn": 1393675.0,
        "dice": 0.1348656795753805,
        "iou": 0.07230882950279645,
        "sensitivity": 0.7204465233310645,
        "specificity": 0.9980295682605982,
        "precision": 0.07439622814605491,
        "npv": 0.9999384284346458,
        "fpr": 0.0019704317394018873,
        "fnr": 0.279553476669136,
        "accuracy": 0.9979685608037122,
        "balanced_accuracy": 0.8592380457958313,
        "f1": 0.1348667680085873
      },
      "hd95": {
        "slice_2d_macro": 0.0,
        "series_2d_macro": 0.0,
        "series_3d_macro": 0.0
      },
      "froc": {
        "series_macro": {
          "average_precision": 0.0
        },
        "global": {
          "average_precision": 0.0
        }
      },
      "nan_batches": 0
    },
    "val": {
      "loss": 0.7700042808405636,
      "loss_bce": 0.24871284031926275,
      "loss_jaccard": 0.9934149070444783,
      "pred_pos_frac": 0.05596098006864632,
      "tp": 1083100.0,
      "fp": 154809443.0,
      "tn": 2629771956.0,
      "fn": 139789.0,
      "dice": 0.01378731530331779,
      "iou": 0.006941510045501293,
      "sensitivity": 0.8856895433682977,
      "specificity": 0.9444047701189144,
      "precision": 0.006947734504536198,
      "npv": 0.9999468465052997,
      "fpr": 0.055595229881085964,
      "fnr": 0.11431045663251996,
      "accuracy": 0.944378995801158,
      "balanced_accuracy": 0.915047156743606,
      "f1": 0.013788420132356325,
      "steps": 818,
      "slice_macro": {
        "tp": 1083100.0,
        "fp": 154809443.0,
        "tn": 2629771956.0,
        "fn": 139789.0,
        "dice": 0.014079733884898556,
        "iou": 0.007600602088083588,
        "sensitivity": 0.9588182121725746,
        "specificity": 0.9444067533374791,
        "precision": 0.007746894287048277,
        "npv": 0.9999474600581516,
        "fpr": 0.055593246662542284,
        "fnr": 0.041181788713116965,
        "accuracy": 0.9443789958011586,
        "balanced_accuracy": 0.9516124827550269,
        "f1": 0.014081299909232603
      },
      "series_macro": {
        "tp": 1083100.0,
        "fp": 154809443.0,
        "tn": 2629771956.0,
        "fn": 139789.0,
        "dice": 0.011409142645785467,
        "iou": 0.00610489716252573,
        "sensitivity": 0.9606650410323359,
        "specificity": 0.9430041428550296,
        "precision": 0.006207787814031898,
        "npv": 0.9999623751353194,
        "fpr": 0.05699585714499348,
        "fnr": 0.03933495987924367,
        "accuracy": 0.9429880524414193,
        "balanced_accuracy": 0.9518345919436831,
        "f1": 0.011410785747738484
      },
      "global": {
        "tp": 1083100.0,
        "fp": 154809443.0,
        "tn": 2629771956.0,
        "fn": 139789.0,
        "dice": 0.01378731530331779,
        "iou": 0.006941510045501293,
        "sensitivity": 0.8856895433682977,
        "specificity": 0.9444047701189144,
        "precision": 0.006947734504536198,
        "npv": 0.9999468465052997,
        "fpr": 0.055595229881085964,
        "fnr": 0.11431045663251996,
        "accuracy": 0.944378995801158,
        "balanced_accuracy": 0.915047156743606,
        "f1": 0.013788420132356325
      },
      "hd95": {
        "slice_2d_macro": 0.0,
        "series_3d_macro": 0.0,
        "series_2d_macro": 494.3981698174987
      },
      "froc": {
        "series_macro": {
          "average_precision": 0.0
        },
        "global": {
          "average_precision": 0.0
        }
      },
      "nan_batches": 0
    },
    "lr": 1.0088797220727781e-05
  }
}