{
  "model_id": "mdl_20260602_170003_a2_s123_w3_e50_52c965e2",
  "epoch": 31,
  "metrics": {
    "val.dice": 0.5383274013581802,
    "val.sensitivity": 0.4333222393860495
  },
  "metric_paths": [
    "val.dice",
    "val.sensitivity"
  ]
}