{
  "model_id": "mdl_20260624_120506_a4_s42_w3_e50_40994d5c",
  "epoch": 50,
  "latest": {
    "epoch": 50,
    "train": {
      "loss": 0.6737166278310551,
      "loss_bce": 0.03440457980860997,
      "loss_jaccard": 0.9477075177037027,
      "pred_pos_frac": 0.00025626056450457613,
      "tp": 168655.0,
      "fp": 91455.0,
      "tn": 1014738248.0,
      "fn": 23210.0,
      "dice": 0.7444937059496708,
      "iou": 0.6020025464922008,
      "sensitivity": 0.8892927169675198,
      "specificity": 0.999909880176551,
      "precision": 0.6473314618495117,
      "npv": 0.9999771277036573,
      "fpr": 9.01198234568202e-05,
      "fnr": 0.11070728307896348,
      "accuracy": 0.9998870319571377,
      "balanced_accuracy": 0.9446012985720355,
      "f1": 0.7444937059496708,
      "slice_macro": {
        "tp": 21081.875,
        "fp": 11431.875,
        "tn": 126842281.0,
        "fn": 2901.25,
        "dice": 0.39535146862843074,
        "iou": 0.35745207621453323,
        "sensitivity": 0.9790884110865709,
        "specificity": 0.9999096371274102,
        "precision": 0.3680815720780427,
        "npv": 0.9999770820747476,
        "fpr": 9.0362873066703e-05,
        "fnr": 0.626239459946206,
        "accuracy": 0.9998868631860598,
        "balanced_accuracy": 0.9894990241069905,
        "f1": 0.39535146862843074
      },
      "series_macro": {
        "tp": 21081.875,
        "fp": 11431.875,
        "tn": 126842281.0,
        "fn": 2901.25,
        "dice": 0.39535146862843074,
        "iou": 0.35745207621453323,
        "sensitivity": 0.9790884110865709,
        "specificity": 0.9999096371274102,
        "precision": 0.3680815720780427,
        "npv": 0.9999770820747476,
        "fpr": 9.0362873066703e-05,
        "fnr": 0.626239459946206,
        "accuracy": 0.9998868631860598,
        "balanced_accuracy": 0.9894990241069905,
        "f1": 0.39535146862843074
      },
      "global": {
        "tp": 168655.0,
        "fp": 91455.0,
        "tn": 1014738248.0,
        "fn": 23210.0,
        "dice": 0.7463023397317411,
        "iou": 0.5952809543992825,
        "sensitivity": 0.8790295259694106,
        "specificity": 0.9999098814316041,
        "precision": 0.6483987543745016,
        "npv": 0.999977127629536,
        "fpr": 9.011856839688886e-05,
        "fnr": 0.12097047403580137,
        "accuracy": 0.9998870319571377,
        "balanced_accuracy": 0.9394697037005073,
        "f1": 0.7463023397317411
      },
      "hd95": {
        "slice_2d_macro": 0.0,
        "series_2d_macro": 0.0,
        "series_3d_macro": 0.0
      },
      "froc": {
        "series_macro": {
          "average_precision": 0.0
        },
        "global": {
          "average_precision": 0.0
        }
      },
      "nan_batches": 0
    },
    "val": {
      "loss": 1.1349284360806147,
      "loss_bce": 1.466603133700437,
      "loss_jaccard": 0.9927820950746536,
      "pred_pos_frac": 4.944006601969401e-05,
      "tp": 2200.0,
      "fp": 4021.0,
      "tn": 125780625.0,
      "fn": 42274.0,
      "dice": 0.08679356940355472,
      "iou": 0.04536550161778811,
      "sensitivity": 0.04946710439696301,
      "specificity": 0.9999680326643364,
      "precision": 0.35364089385088554,
      "npv": 0.9996640198220198,
      "fpr": 3.1967335671477485e-05,
      "fnr": 0.950532895625522,
      "accuracy": 0.9996320803960165,
      "balanced_accuracy": 0.5247175685306498,
      "f1": 0.08679356940355472,
      "steps": 60,
      "slice_macro": {
        "tp": 2200.0,
        "fp": 4021.0,
        "tn": 125780625.0,
        "fn": 42274.0,
        "dice": 0.47035858659213725,
        "iou": 0.45566647161650925,
        "sensitivity": 0.5713063261556104,
        "specificity": 0.9999680344582467,
        "precision": 0.7605813250494362,
        "npv": 0.9996640254873621,
        "fpr": 3.196554223044174e-05,
        "fnr": 0.9120270088663969,
        "accuracy": 0.9996320803960166,
        "balanced_accuracy": 0.7856371803069284,
        "f1": 0.47035858659213725
      },
      "series_macro": {
        "tp": 2200.0,
        "fp": 4021.0,
        "tn": 125780625.0,
        "fn": 42274.0,
        "dice": 0.47035858659213725,
        "iou": 0.45566647161650925,
        "sensitivity": 0.5713063261556104,
        "specificity": 0.9999680344582467,
        "precision": 0.7605813250494362,
        "npv": 0.9996640254873621,
        "fpr": 3.196554223044174e-05,
        "fnr": 0.9120270088663969,
        "accuracy": 0.9996320803960166,
        "balanced_accuracy": 0.7856371803069284,
        "f1": 0.47035858659213725
      },
      "global": {
        "tp": 2200.0,
        "fp": 4021.0,
        "tn": 125780625.0,
        "fn": 42274.0,
        "dice": 0.08679356940355472,
        "iou": 0.04536550161778811,
        "sensitivity": 0.04946710439696301,
        "specificity": 0.9999680326643364,
        "precision": 0.35364089385088554,
        "npv": 0.9996640198220198,
        "fpr": 3.1967335671477485e-05,
        "fnr": 0.950532895625522,
        "accuracy": 0.9996320803960165,
        "balanced_accuracy": 0.5247175685306498,
        "f1": 0.08679356940355472
      },
      "hd95": {
        "slice_2d_macro": 0.0,
        "series_3d_macro": 0.0,
        "series_2d_macro": 441.1613985758137
      },
      "froc": {
        "series_macro": {
          "average_precision": 0.0
        },
        "global": {
          "average_precision": 0.0
        }
      },
      "nan_batches": 0
    },
    "lr": 1.0088797220727781e-05
  }
}