{
  "model_id": "mdl_20260615_011243_a3_s123_w3_e50_8dcadcc0",
  "epoch": 50,
  "latest": {
    "epoch": 50,
    "train": {
      "loss": 0.6602904677497846,
      "loss_bce": 0.00583144020872677,
      "loss_jaccard": 0.9407729212662828,
      "pred_pos_frac": 0.00033630738282573773,
      "tp": 4836911.0,
      "fp": 2793314.0,
      "tn": 22675541645.0,
      "fn": 148450.0,
      "dice": 0.7517830942662227,
      "iou": 0.6047072553699533,
      "sensitivity": 0.9677836341280225,
      "specificity": 0.9998768304113469,
      "precision": 0.6167634350135476,
      "npv": 0.9999934532951981,
      "fpr": 0.00012316958865353595,
      "fnr": 0.0322163658739098,
      "accuracy": 0.9998703165797629,
      "balanced_accuracy": 0.9838302322696846,
      "f1": 0.7517830942662227,
      "slice_macro": {
        "tp": 604613.875,
        "fp": 349164.25,
        "tn": 2834442705.625,
        "fn": 18556.25,
        "dice": 0.529135511292041,
        "iou": 0.4014715948396852,
        "sensitivity": 0.933342571459478,
        "specificity": 0.9998760203714093,
        "precision": 0.41208668342047605,
        "npv": 0.9999934167593878,
        "fpr": 0.00012397962861211942,
        "fnr": 0.06665742960437371,
        "accuracy": 0.9998695957772621,
        "balanced_accuracy": 0.9666092959154433,
        "f1": 0.529135511292041
      },
      "series_macro": {
        "tp": 604613.875,
        "fp": 349164.25,
        "tn": 2834442705.625,
        "fn": 18556.25,
        "dice": 0.5288815617892239,
        "iou": 0.3996719938092696,
        "sensitivity": 0.9327816472793196,
        "specificity": 0.9998712968381667,
        "precision": 0.4105131299109942,
        "npv": 0.999993195301696,
        "fpr": 0.0001287031618565361,
        "fnr": 0.06721835381514561,
        "accuracy": 0.9998646629062024,
        "balanced_accuracy": 0.9663264720587431,
        "f1": 0.5288815617892239
      },
      "global": {
        "tp": 4836911.0,
        "fp": 2793314.0,
        "tn": 22675541645.0,
        "fn": 148450.0,
        "dice": 0.7668151126709638,
        "iou": 0.6218168261304629,
        "sensitivity": 0.9702228183676227,
        "specificity": 0.9998768289645139,
        "precision": 0.6339145962275511,
        "npv": 0.9999934533414693,
        "fpr": 0.00012317103548611537,
        "fnr": 0.029777181632577907,
        "accuracy": 0.9998703115787945,
        "balanced_accuracy": 0.9850498236660683,
        "f1": 0.7668151126709638
      },
      "hd95": {
        "slice_2d_macro": 0.0,
        "series_2d_macro": 0.0,
        "series_3d_macro": 0.0
      },
      "froc": {
        "series_macro": {
          "average_precision": 0.0
        },
        "global": {
          "average_precision": 0.0
        }
      },
      "nan_batches": 0
    },
    "val": {
      "loss": 1.609467484630826,
      "loss_bce": 3.103380396189035,
      "loss_jaccard": 0.9692190506883638,
      "pred_pos_frac": 0.00014922523808268937,
      "tp": 343086.0,
      "fp": 72861.0,
      "tn": 2784508538.0,
      "fn": 879803.0,
      "dice": 0.41869473211509955,
      "iou": 0.2647779278415861,
      "sensitivity": 0.2805536724925316,
      "specificity": 0.9999738341281651,
      "precision": 0.8248310481868487,
      "npv": 0.9996841363241709,
      "fpr": 2.6165871835230187e-05,
      "fnr": 0.7194463275082862,
      "accuracy": 0.9996580290998532,
      "balanced_accuracy": 0.6402637533103483,
      "f1": 0.41869473211509955,
      "steps": 1519,
      "slice_macro": {
        "tp": 343086.0,
        "fp": 72861.0,
        "tn": 2784508538.0,
        "fn": 879803.0,
        "dice": 0.4577480955209292,
        "iou": 0.353734148140738,
        "sensitivity": 0.39312902593002275,
        "specificity": 0.9999738123684893,
        "precision": 0.7343108050365816,
        "npv": 0.9996838546365326,
        "fpr": 2.6187631532510242e-05,
        "fnr": 0.606870974955669,
        "accuracy": 0.9996580290998532,
        "balanced_accuracy": 0.6965514191492557,
        "f1": 0.4577480955209292
      },
      "series_macro": {
        "tp": 343086.0,
        "fp": 72861.0,
        "tn": 2784508538.0,
        "fn": 879803.0,
        "dice": 0.4530384007769181,
        "iou": 0.34835196590501305,
        "sensitivity": 0.3900509229858785,
        "specificity": 0.9999699817066756,
        "precision": 0.7385520672687758,
        "npv": 0.9997466242190823,
        "fpr": 3.0018293347887454e-05,
        "fnr": 0.6099490779257011,
        "accuracy": 0.9997168730953242,
        "balanced_accuracy": 0.6950104523462771,
        "f1": 0.4530384007769181
      },
      "global": {
        "tp": 343086.0,
        "fp": 72861.0,
        "tn": 2784508538.0,
        "fn": 879803.0,
        "dice": 0.41869473211509955,
        "iou": 0.2647779278415861,
        "sensitivity": 0.2805536724925316,
        "specificity": 0.9999738341281651,
        "precision": 0.8248310481868487,
        "npv": 0.9996841363241709,
        "fpr": 2.6165871835230187e-05,
        "fnr": 0.7194463275082862,
        "accuracy": 0.9996580290998532,
        "balanced_accuracy": 0.6402637533103483,
        "f1": 0.41869473211509955
      },
      "hd95": {
        "slice_2d_macro": 0.0,
        "series_3d_macro": 0.0,
        "series_2d_macro": 214.55311218356607
      },
      "froc": {
        "series_macro": {
          "average_precision": 0.0
        },
        "global": {
          "average_precision": 0.0
        }
      },
      "nan_batches": 0
    },
    "lr": 1.0088797220727781e-05
  }
}