{
  "model_id": "mdl_20260428_161910_a1_s42_w3_e10_9537c8c1",
  "epoch": 60,
  "latest": {
    "epoch": 60,
    "train": {
      "loss": 0.042697595074391366,
      "loss_bce": 0.04730843295520022,
      "loss_jaccard": 0.04072152149476795,
      "pred_pos_frac": 0.00029115154398920814,
      "tp": 4667554.0,
      "fp": 1929222.0,
      "tn": 22676405737.0,
      "fn": 317807.0,
      "dice": 0.8145993081504577,
      "iou": 0.6887345640467203,
      "sensitivity": 0.9336940530949344,
      "specificity": 0.9999149248084335,
      "precision": 0.7252420633314904,
      "npv": 0.9999859843210078,
      "fpr": 8.507519156684245e-05,
      "fnr": 0.06630594690688088,
      "accuracy": 0.999900935185244,
      "balanced_accuracy": 0.966804488951684,
      "f1": 0.814599420741434,
      "slice_macro": {
        "tp": 583444.25,
        "fp": 241152.75,
        "tn": 2834550717.125,
        "fn": 39725.875,
        "dice": 0.6886044552290637,
        "iou": 0.5681217070691261,
        "sensitivity": 0.8338304291561375,
        "specificity": 0.9999141581241839,
        "precision": 0.6427763972303673,
        "npv": 0.9999859273764418,
        "fpr": 8.584187583749336e-05,
        "fnr": 0.16616957190165677,
        "accuracy": 0.9999002344797863,
        "balanced_accuracy": 0.916872293640161,
        "f1": 0.7046710114848322
      },
      "series_macro": {
        "tp": 583444.25,
        "fp": 241152.75,
        "tn": 2834550717.125,
        "fn": 39725.875,
        "dice": 0.6871884289957645,
        "iou": 0.5664621029993331,
        "sensitivity": 0.83310155607244,
        "specificity": 0.9999102020247952,
        "precision": 0.6438401496800905,
        "npv": 0.9999851607339169,
        "fpr": 8.979797522788523e-05,
        "fnr": 0.1668984450236938,
        "accuracy": 0.9998955231213743,
        "balanced_accuracy": 0.9165058790486177,
        "f1": 0.703572000734924
      },
      "global": {
        "tp": 4667554.0,
        "fp": 1929222.0,
        "tn": 22676405737.0,
        "fn": 317807.0,
        "dice": 0.8059918476184658,
        "iou": 0.6750304392904568,
        "sensitivity": 0.9362519584840624,
        "specificity": 0.9999149310562928,
        "precision": 0.7075507793504422,
        "npv": 0.9999859853210548,
        "fpr": 8.506894370723541e-05,
        "fnr": 0.06374804151613819,
        "accuracy": 0.9999009391496351,
        "balanced_accuracy": 0.9680834447701776,
        "f1": 0.8059919656423974
      },
      "hd95": {
        "slice_2d_macro": 0.0,
        "series_2d_macro": 0.0,
        "series_3d_macro": 0.0
      },
      "froc": {
        "series_macro": {
          "average_precision": 0.0
        },
        "global": {
          "average_precision": 0.0
        }
      }
    },
    "val": {
      "loss": 1.0580430301040833,
      "loss_bce": 3.3451528260878054,
      "loss_jaccard": 0.07785305380821228,
      "pred_pos_frac": 0.0002397816982482338,
      "tp": 481268.0,
      "fp": 187534.0,
      "tn": 2784393865.0,
      "fn": 741621.0,
      "dice": 0.50882305831158,
      "iou": 0.3412224559587151,
      "sensitivity": 0.3935500278443967,
      "specificity": 0.9999326527139528,
      "precision": 0.7195971303917758,
      "npv": 0.9997337217511579,
      "fpr": 6.734728604749972e-05,
      "fnr": 0.606449972156421,
      "accuracy": 0.9996664679554115,
      "balanced_accuracy": 0.6967413402791748,
      "f1": 0.5088234995621244,
      "steps": 760,
      "slice_macro": {
        "tp": 481268.0,
        "fp": 187534.0,
        "tn": 2784393865.0,
        "fn": 741621.0,
        "dice": 0.4839112791512541,
        "iou": 0.3709481986870991,
        "sensitivity": 0.5002350619198109,
        "specificity": 0.9999326176615797,
        "precision": 0.6403871876281357,
        "npv": 0.9997333869183993,
        "fpr": 6.738233844157683e-05,
        "fnr": 0.4997649389658803,
        "accuracy": 0.9996664679554115,
        "balanced_accuracy": 0.7500838397906955,
        "f1": 0.5873621879339621
      },
      "series_macro": {
        "tp": 481268.0,
        "fp": 187534.0,
        "tn": 2784393865.0,
        "fn": 741621.0,
        "dice": 0.4789744992181276,
        "iou": 0.36519131807058064,
        "sensitivity": 0.49557952816733214,
        "specificity": 0.9999229850240046,
        "precision": 0.6145325100787746,
        "npv": 0.9997942343156541,
        "fpr": 7.701497601862187e-05,
        "fnr": 0.5044204727442473,
        "accuracy": 0.9997175657983103,
        "balanced_accuracy": 0.7477512565956687,
        "f1": 0.594695218540253
      },
      "global": {
        "tp": 481268.0,
        "fp": 187534.0,
        "tn": 2784393865.0,
        "fn": 741621.0,
        "dice": 0.50882305831158,
        "iou": 0.3412224559587151,
        "sensitivity": 0.3935500278443967,
        "specificity": 0.9999326527139528,
        "precision": 0.7195971303917758,
        "npv": 0.9997337217511579,
        "fpr": 6.734728604749972e-05,
        "fnr": 0.606449972156421,
        "accuracy": 0.9996664679554115,
        "balanced_accuracy": 0.6967413402791748,
        "f1": 0.5088234995621244
      },
      "hd95": {
        "slice_2d_macro": 0.0,
        "series_3d_macro": 0.0,
        "series_2d_macro": 269.90447401565933
      },
      "froc": {
        "series_macro": {
          "average_precision": 0.0
        },
        "global": {
          "average_precision": 0.0
        }
      }
    },
    "lr": 0.00024528499191783635
  }
}