{
  "model_id": "mdl_20260522_115040_a2_s42_w3_e50_b17f9544",
  "epoch": 50,
  "latest": {
    "epoch": 50,
    "train": {
      "loss": 0.6764646038005961,
      "loss_bce": 0.03687638957189524,
      "loss_jaccard": 0.9505738508536701,
      "pred_pos_frac": 0.0003833963900764267,
      "tp": 4328036.0,
      "fp": 4368014.0,
      "tn": 22673966945.0,
      "fn": 657325.0,
      "dice": 0.6336361263852921,
      "iou": 0.4667972791053179,
      "sensitivity": 0.8743604658503022,
      "specificity": 0.999807405150687,
      "precision": 0.49852503050555985,
      "npv": 0.9999710105558612,
      "fpr": 0.00019259484931364457,
      "fnr": 0.1256395341536337,
      "accuracy": 0.9997784814880094,
      "balanced_accuracy": 0.9370839355004944,
      "f1": 0.6336363997783421,
      "slice_macro": {
        "tp": 270502.25,
        "fp": 273000.875,
        "tn": 1417122934.0625,
        "fn": 41082.8125,
        "dice": 0.44453500964164855,
        "iou": 0.3235835106406561,
        "sensitivity": 0.859722197805839,
        "specificity": 0.9998071627867555,
        "precision": 0.34196483181482323,
        "npv": 0.9999710282453869,
        "fpr": 0.00019283721326590438,
        "fnr": 0.14027780325245945,
        "accuracy": 0.9997784542985055,
        "balanced_accuracy": 0.9297646802962971,
        "f1": 0.45383925379815504
      },
      "series_macro": {
        "tp": 270502.25,
        "fp": 273000.875,
        "tn": 1417122934.0625,
        "fn": 41082.8125,
        "dice": 0.44270666312709883,
        "iou": 0.3212951683375014,
        "sensitivity": 0.8560453947972513,
        "specificity": 0.9998022723397898,
        "precision": 0.3400570771612685,
        "npv": 0.9999687422151333,
        "fpr": 0.0001977276602334135,
        "fnr": 0.14395460629907128,
        "accuracy": 0.9997712982724772,
        "balanced_accuracy": 0.9279238335685205,
        "f1": 0.4509153202830005
      },
      "global": {
        "tp": 4328036.0,
        "fp": 4368014.0,
        "tn": 22673966945.0,
        "fn": 657325.0,
        "dice": 0.632688543601268,
        "iou": 0.46272452457006563,
        "sensitivity": 0.8681489665442748,
        "specificity": 0.99980739264995,
        "precision": 0.49770137016237287,
        "npv": 0.9999710105449964,
        "fpr": 0.00019260735005007648,
        "fnr": 0.1318510334559259,
        "accuracy": 0.9997784566399845,
        "balanced_accuracy": 0.9339781795971124,
        "f1": 0.6326888125262112
      },
      "hd95": {
        "slice_2d_macro": 0.0,
        "series_2d_macro": 0.0,
        "series_3d_macro": 0.0
      },
      "froc": {
        "series_macro": {
          "average_precision": 0.0
        },
        "global": {
          "average_precision": 0.0
        }
      },
      "nan_batches": 0
    },
    "val": {
      "loss": 1.0015888747492745,
      "loss_bce": 1.1014771579655727,
      "loss_jaccard": 0.9587796069590562,
      "pred_pos_frac": 0.0004905395115200854,
      "tp": 605080.0,
      "fp": 762359.0,
      "tn": 2783819040.0,
      "fn": 617809.0,
      "dice": 0.46718407861882083,
      "iou": 0.3047881171524642,
      "sensitivity": 0.4947955210984032,
      "specificity": 0.9997262213271001,
      "precision": 0.442491401810653,
      "npv": 0.9997781206637091,
      "fpr": 0.0002737786729002709,
      "fnr": 0.5052044789024145,
      "accuracy": 0.9995045710834946,
      "balanced_accuracy": 0.7472608712127516,
      "f1": 0.467184647084605,
      "steps": 818,
      "slice_macro": {
        "tp": 605080.0,
        "fp": 762359.0,
        "tn": 2783819040.0,
        "fn": 617809.0,
        "dice": 0.3792223727385122,
        "iou": 0.26237318132868165,
        "sensitivity": 0.6803441885399293,
        "specificity": 0.999726103960917,
        "precision": 0.3159660160639899,
        "npv": 0.9997776953651474,
        "fpr": 0.00027389603910476563,
        "fnr": 0.3196558123457621,
        "accuracy": 0.9995045710834946,
        "balanced_accuracy": 0.8400351462504231,
        "f1": 0.4361466279488961
      },
      "series_macro": {
        "tp": 605080.0,
        "fp": 762359.0,
        "tn": 2783819040.0,
        "fn": 617809.0,
        "dice": 0.3801341972909123,
        "iou": 0.263394428158945,
        "sensitivity": 0.6905978373449166,
        "specificity": 0.9997234100171606,
        "precision": 0.3091584679957766,
        "npv": 0.9998334580854399,
        "fpr": 0.0002765899828628921,
        "fnr": 0.30940216356666284,
        "accuracy": 0.9995574434401396,
        "balanced_accuracy": 0.8451606236810386,
        "f1": 0.4298754980591767
      },
      "global": {
        "tp": 605080.0,
        "fp": 762359.0,
        "tn": 2783819040.0,
        "fn": 617809.0,
        "dice": 0.46718407861882083,
        "iou": 0.3047881171524642,
        "sensitivity": 0.4947955210984032,
        "specificity": 0.9997262213271001,
        "precision": 0.442491401810653,
        "npv": 0.9997781206637091,
        "fpr": 0.0002737786729002709,
        "fnr": 0.5052044789024145,
        "accuracy": 0.9995045710834946,
        "balanced_accuracy": 0.7472608712127516,
        "f1": 0.467184647084605
      },
      "hd95": {
        "slice_2d_macro": 0.0,
        "series_3d_macro": 0.0,
        "series_2d_macro": 375.1503863051839
      },
      "froc": {
        "series_macro": {
          "average_precision": 0.0
        },
        "global": {
          "average_precision": 0.0
        }
      },
      "nan_batches": 0
    },
    "lr": 1.0088797220727781e-05
  }
}