{
  "model_id": "mdl_20260520_115322_a2_s42_w3_e50_16fb79a5",
  "epoch": 28,
  "latest": {
    "epoch": 28,
    "train": {
      "loss": 0.6659507073205093,
      "loss_bce": 0.009580460103060087,
      "loss_jaccard": 0.9472522530062445,
      "pred_pos_frac": 0.0010336514568389874,
      "tp": 33824.0,
      "fp": 66674.0,
      "tn": 95581027.0,
      "fn": 1035.0,
      "dice": 0.3719767566937411,
      "iou": 0.24980696485231393,
      "sensitivity": 0.9710559093365714,
      "specificity": 0.9993083170768895,
      "precision": 0.25260617664528917,
      "npv": 0.9999895115041952,
      "fpr": 0.0006916829232927154,
      "fnr": 0.09790960807542592,
      "accuracy": 0.9992981260588063,
      "balanced_accuracy": 0.9851821132067304,
      "f1": 0.3719773008502956,
      "slice_macro": {
        "tp": 5637.333333333333,
        "fp": 11112.333333333334,
        "tn": 15930171.166666666,
        "fn": 172.5,
        "dice": 0.2700102040553604,
        "iou": 0.24751487039334066,
        "sensitivity": 0.9777412478448303,
        "specificity": 0.9993972567319478,
        "precision": 0.25366038724402845,
        "npv": 0.9999889122390835,
        "fpr": 0.0006027432698790347,
        "fnr": 0.8268222456686404,
        "accuracy": 0.9993866136222542,
        "balanced_accuracy": 0.9885692522883889,
        "f1": 0.270011187123682
      },
      "series_macro": {
        "tp": 5637.333333333333,
        "fp": 11112.333333333334,
        "tn": 15930171.166666666,
        "fn": 172.5,
        "dice": 0.3088648075049805,
        "iou": 0.2915056406636034,
        "sensitivity": 0.983798792307191,
        "specificity": 0.9993864346550475,
        "precision": 0.29616915048620357,
        "npv": 0.9999864650339626,
        "fpr": 0.0006135653471321675,
        "fnr": 0.8550900974925991,
        "accuracy": 0.999373391316356,
        "balanced_accuracy": 0.9915926134811192,
        "f1": 0.3088656755193276
      },
      "global": {
        "tp": 33824.0,
        "fp": 66674.0,
        "tn": 95581027.0,
        "fn": 1035.0,
        "dice": 0.49977466995057673,
        "iou": 0.3331330700429109,
        "sensitivity": 0.9703089589497602,
        "specificity": 0.9993029210393671,
        "precision": 0.33656391172623773,
        "npv": 0.9999891716083714,
        "fpr": 0.0006970789606432809,
        "fnr": 0.029691041078926794,
        "accuracy": 0.9992923579803885,
        "balanced_accuracy": 0.9848059399945637,
        "f1": 0.49977505271908346
      },
      "hd95": {
        "slice_2d_macro": 0.0,
        "series_2d_macro": 0.0,
        "series_3d_macro": 0.0
      },
      "froc": {
        "series_macro": {
          "average_precision": 0.0
        },
        "global": {
          "average_precision": 0.0
        }
      }
    },
    "val": {
      "loss": 0.0,
      "loss_bce": 0.0,
      "loss_jaccard": 0.0,
      "pred_pos_frac": 0.0,
      "tp": 0.0,
      "fp": 0.0,
      "tn": 0.0,
      "fn": 0.0,
      "dice": 0.0,
      "iou": 0.0,
      "sensitivity": 0.0,
      "specificity": 0.0,
      "precision": 0.0,
      "npv": 0.0,
      "fpr": 0.0,
      "fnr": 0.0,
      "accuracy": 0.0,
      "balanced_accuracy": 0.0,
      "f1": 0.0,
      "steps": 0,
      "slice_macro": {
        "tp": 0.0,
        "fp": 0.0,
        "tn": 0.0,
        "fn": 0.0,
        "dice": 0.0,
        "iou": 0.0,
        "sensitivity": 0.0,
        "specificity": 0.0,
        "precision": 0.0
      },
      "series_macro": {
        "tp": 0.0,
        "fp": 0.0,
        "tn": 0.0,
        "fn": 0.0,
        "dice": 0.0,
        "iou": 0.0,
        "sensitivity": 0.0,
        "specificity": 0.0,
        "precision": 0.0
      },
      "global": {
        "tp": 0.0,
        "fp": 0.0,
        "tn": 0.0,
        "fn": 0.0,
        "dice": 0.0,
        "iou": 0.0,
        "sensitivity": 0.0,
        "specificity": 0.0,
        "precision": 0.0
      },
      "hd95": {
        "slice_2d_macro": 0.0,
        "series_2d_macro": 0.0,
        "series_3d_macro": 0.0
      },
      "froc": {
        "series_macro": {
          "average_precision": 0.0
        },
        "global": {
          "average_precision": 0.0
        }
      }
    },
    "lr": 0.0004429600493856692
  }
}